,seed_volume,initial_rate
1,0,0.95
2,0.25,1
3,0.5,1.21667
4,0.75,1.875
5,1,2.53333
6,1.25,1.59167
7,1.5,0.48333
8,1.75,0.52333
9,2,0.45667
