,seed_concentration,inital_rate
1,0.462962963,0.000215916
2,0.925925926,0.000381944
3,1.388889,0.000412676
4,1.85184,0.000418662
5,2.3148,0.000375958
6,3.194424,0.000219907
